,show_title,genres,
0,learning and fun with jose comelon,"Animation,Comedy,Family",
1,encounters,"Documentary,History",
2,gangs of oslo,Crime,
3,predators,"Action,Adventure,Fantasy",
4,lion's den,Drama,
5,bird box barcelona,"Horror,Mystery,Sci-Fi",
6,abduction,"Action,Mystery,Thriller",
7,mystery of the dragon seal: journey to china,"Action,Adventure,Fantasy",
8,"pablo escobar, el patrón del mal","Biography,Crime,Drama",
9,astérix & obélix: the middle kingdom,"Adventure,Comedy,Family",
10,mrs. chatterjee vs norway,"Biography,Drama",
11,til money do us part,Drama,
12,비상선언,"Action,Drama,Thriller",
13,sky high: the series,"Action,Adventure,Crime",
14,maestro in blue,"Crime,Drama,Mystery",
15,i still believe,"Biography,Drama,Music",
16,the condemned,"Action,Crime,Thriller",
17,unlocked,"Crime,Drama,Mystery",
18,the unbroken voice,"Biography,Drama,Music",
19,you people,"Comedy,Romance",
20,guillermo del toro’s pinocchio,"Animation,Drama,Family",
21,the recruit,"Action,Adventure,Crime",
22,sean eternos: campeones de américa,"Documentary,Sport",
23,lost bullet 2,"Action,Crime,Thriller",
24,minions & more volume 2,"Animation,Comedy,Adventure",
25,passion simple,"Drama,Romance",
26,the watcher,"Drama,Horror,Mystery",
27,minions & more volume 1,"Animation,Comedy,Adventure",
28,inseparables,"Comedy,Drama",
29,narco-saints,"Action,Crime,Biography",
30,hanna,"Action,Drama",
31,labor day,"Drama,Romance,Thriller",
32,welcome home roscoe jenkins,"Comedy,Romance",
33,code name: emperor,"Drama,Thriller",
34,don’t blame karma!,"Comedy,Romance",
35,clean,"Action,Crime,Drama",
36,tiempo de valientes,"Action,Comedy,Crime",
37,my daughter’s killer,"Crime,Documentary",
38,radio,"Biography,Drama,Sport",
39,"malverde, el santo patrón",Drama,
40,peaky blinders,"Crime,Drama",
41,centauro,"Action,Adventure,Crime",
42,horsemen,"Crime,Mystery,Thriller",
43,rrr (hindi),"Action,Drama",
44,the takedown,"Action,Comedy,Crime",
45,honeymoon with my mother,Comedy,
46,juvenile justice,"Crime,Drama",
47,todos queremos a alguien,"Comedy,Romance",
48,13 hours: the secret soldiers of benghazi,"Action,Drama,History",
49,munich – the edge of war,"Biography,Drama,History",
50,amandla,"Crime,Drama",
51,nymphomaniac: volume 1,Drama,
52,the hand of god,Drama,
53,bordertown: mural murders,"Crime,Drama,Mystery",
54,jurassic world camp cretaceous,"Action,Adventure,Animation",
55,the hangover: part iii,"Comedy,Crime",
56,the princess switch 3: romancing the star,"Comedy,Drama,Family",
57,yara,"Crime,Drama,Thriller",
58,amina,"Action,Adventure,Biography",
59,luis miguel - the series,"Biography,Drama,History",
60,der fall collini,"Crime,Drama,Thriller",
61,lucifer,"Crime,Drama,Fantasy",
62,firedrake the silver dragon,"Animation,Comedy,Adventure",
63,alpha,"Action,Adventure,Drama",
64,sas: rise of the black swan,"Action,Thriller",
65,invasion,"Fantasy,Drama,Sci-Fi",
66,"newly rich, newly poor","Comedy,Drama,Family",
67,rurouni kenshin: the beginning,"Action,Adventure,Drama",
68,fear street part 1: 1994,"Drama,Horror,Thriller",
69,fear street part 2: 1978,"Drama,Horror,Mystery",
70,señora acero,"Crime,Drama,Romance",
71,inside the world’s toughest prisons,Documentary,
72,dr. seuss' the grinch,"Family,Musical",
73,"ordinary men: the ""forgotten holocaust""","Documentary,History,War",
74,untold: swamp kings,Documentary,
75,outback,"Drama,Horror,Thriller",
76,blockers,"Comedy,Drama",
77,scorpion king 5: book of souls,"Action,Adventure,Fantasy",
78,the boss baby: family business,"Adventure,Animation,Comedy",
79,emergency: nyc,Documentary,
80,snake eyes: g.i. joe origins,"Action,Adventure,Crime",
81,24 hours to live,"Action,Sci-Fi,Thriller",
82,"pamela, a love story","Biography,Documentary",
83,in my dreams,"Drama,Family,Romance",
84,bosch & rockit,Drama,
85,half bad: the bastard son & the devil himself,"Action,Adventure,Drama",
86,dreamland,"Drama,Thriller,Western",
87,pokémon master journeys: the series,"Action,Adventure,Animation",
88,superbro,Comedy,
89,untold: the girlfriend who didn't exist,Documentary,
90,lara croft tomb raider: the cradle of life,"Action,Adventure,Fantasy",
91,the war with grandpa,"Comedy,Drama,Family",
92,shania twain: not just a girl,"Biography,Documentary,Music",
93,man vs bee,"Comedy,Short,Family",
94,the contractor,"Action,Drama,Thriller",
95,bullsh*t the gameshow,Game-Show,
96,danger close: the battle of long tan,"Action,Drama,War",
97,the prince & me,"Comedy,Family,Romance",
98,shameless (u.s.),"Comedy,Crime,Drama",
99,a madea homecoming,"Comedy,Drama,Romance",
100,love on the spectrum: australia,"Comedy,Fantasy",
101,l.a.’s finest,"Action,Comedy,Drama",
102,chicago fire,"Action,Drama",
103,the suicide squad (dubbed version),"Action,Adventure,Comedy",
104,der nanny,"Comedy,Drama,Family",
105,ganz normale männer - der 'vergessene holocaust',"Documentary,History,War",
106,pig,"Drama,Mystery",
107,paul,"Adventure,Sci-Fi,Comedy",
108,"mann tut, was mann kann",Comedy,
109,birds of prey (and the fantabulous emancipation of one harley quinn),"Action,Crime,Comedy",
110,takeover,Comedy,
111,public enemy: book of revelation,Drama,
112,"hello, goodbye, and everything in between","Comedy,Drama,Romance",
113,here comes the boom,"Action,Comedy,Sport",
114,rumspringa - an amish in berlin,Comedy,
115,the interpreter,"Crime,Mystery,Thriller",
116,fack ju göhte 3,Comedy,
117,steig. nicht. aus!,"Action,Drama,Crime",
118,the white masai,"Drama,Romance",
119,bigbug,"Comedy,Sci-Fi",
120,"devotion, a story of love and desire","Drama,Romance",
121,the office (u.s.),Comedy,
122,sløborn,"Drama,Sci-Fi,Thriller",
123,how i became a superhero,"Action,Short",
124,the interview,"Action,Adventure,Comedy",
125,ìjọ̀gbọ̀n,"Drama,Thriller",
126,salt,"Action,Thriller",
127,barbecue showdown,Reality-TV,
128,the one,"Crime,Drama,Sci-Fi",
129,the wait,"Drama,Romance",
130,mat kilau,"Action,Adventure,Drama",
131,"bastard‼ -heavy metal, dark fantasy-",Animation,
132,stealth,"Action,Adventure,Sci-Fi",
133,tremors 5:  bloodline,"Action,Adventure,Comedy",
134,employee of the month,"Comedy,Romance",
135,chief daddy 2 - going for broke,Comedy,
136,a.x.l.,"Action,Adventure,Drama",
137,the twilight saga: breaking dawn: part 2,"Adventure,Drama,Fantasy",
138,the twilight saga: breaking dawn: part 1,"Adventure,Drama,Fantasy",
139,nabil el gamil plastic surgeon,Comedy,
140,teenage mutant ninja turtles 2,"Action,Adventure,Animation",
141,6ixtynin9 the series,"Comedy,Crime,Thriller",
142,sattar - the return of the legendary slap,"Action,Comedy",
143,maamannan (tamil),"Action,Drama,Thriller",
144,she's gone with water,"Documentary,Short",
145,kingdom2: far and away,"Action,Adventure,History",
146,doctor cha,Drama,
147,kathal - a jackfruit mystery,"Comedy,Crime,Drama",
148,thiruvin kural,Thriller,
149,kannai nambathe,"Crime,Drama,Thriller",
150,partners in crime (philippines movie),"Action,Comedy",
151,agneepath (2012),"Action,Drama,Crime",
152,rekha,"Drama,Thriller",
153,like an afternoon dream,Drama,
154,marry me again?,Comedy,
155,thunivu (hindi),"Action,Crime,Thriller",
156,tara vs. bilal,"Comedy,Drama,Romance",
157,codename: tiranga,"Action,Drama,Thriller",
158,under the queen's umbrella,"Comedy,Drama",
159,deception - round d corner,"Crime,Drama,Thriller",
160,godfather (hindi),"Action,Crime,Drama",
161,kumari,"Horror,Thriller",
162,hunter x hunter (2011),"Action,Adventure,Animation",
163,route 10,"Action,Drama,Thriller",
164,sh**ting stars,"Comedy,Drama,Romance",
165,aníkúlápó,"Drama,Fantasy",
166,jamtara - sabka number ayega,Crime,
167,jogi,"Drama,Thriller",
168,mo,"Comedy,Drama",
169,sherdil: the pilibhit saga,"Comedy,Drama",
170,shabaash mithu (hindi),"Biography,Drama,Sport",
171,foot fairy (hindi),"Crime,Thriller",
172,vaashi (malayalam),"Drama,Thriller",
173,major (hindi),"Action,Biography,Drama",
174,cbi 5: the brain,"Crime,Mystery,Thriller",
175,raw (hindi),Action,
176,radhe shyam (hindi),"Drama,Romance",
177,mai: a mother's rage,"Crime,Drama,Thriller",
178,forecasting love and weather,"Drama,Romance",
179,أصحاب ...ولا أعزّ,"Comedy,Drama",
180,single’s inferno,Reality-TV,
181,kurup (malayalam),"Biography,Crime,Thriller",
182,doctor (tamil),"Action,Crime,Comedy",
183,thalaivii,"Biography,Drama",
184,resurrection: ertugrul,"Action,Adventure,Drama",
185,kushi (hindi),"Comedy,Drama,Romance",
186,miss shetty mr. polishetty,"Comedy,Drama,Romance",
187,bhola shankar (hindi),"Action,Crime,Drama",
188,ramabanam,"Action,Drama",
189,bro (hindi),"Comedy,Drama,Family",
190,dasara (hindi),"Action,Adventure,Drama",
191,vincenzo,"Action,Crime,Comedy",
192,sir (hindi),"Action,Drama",
193,rurouni kenshin: origins,"Action,Adventure,Drama",
194,irl - in real love,"Reality-TV,Romance",
195,raees,"Action,Crime,Drama",
196,dsp (hindi),"Action,Crime,Drama",
197,gangs of wasseypur: part 1,"Action,Crime,Comedy",
198,spider-man: no way home (extended version),"Action,Adventure,Fantasy",
199,kantara (hindi),"Action,Adventure,Drama",
200,the ghost (hindi),"Action,Thriller",
201,military prosecutor doberman,"Action,Drama",
202,ranveer vs wild with bear grylls,Documentary,
203,my liberation notes,"Drama,Romance",
204,etharkkum thunindhavan (hindi),"Action,Crime,Drama",
205,hey sinamika (hindi),"Drama,Romance",
206,kurup (hindi),"Biography,Crime,Thriller",
207,annaatthe (hindi),"Action,Comedy,Drama",
208,kabhi khushi kabhie gham,"Drama,Musical,Romance",
209,boomika (hindi),Horror,
210,thimmarusu,"Crime,Drama,Thriller",
211,untold: jake paul the problem child,Documentary,
212,death race: beyond anarchy,"Action,Adventure",
213,tyler perry's temptation: confessions of a marriage counselor,Drama,
214,the awkward weekend,Comedy,
215,borgen - power & glory,Drama,
216,blumhouse's truth or dare: extended director's cut,"Horror,Thriller",
217,jackass 3,"Action,Comedy,Reality-TV",
218,a second chance:  rivals!,"Drama,Family,Sport",
219,death wish (2018),"Action,Crime,Drama",
220,pokémon: to be a pokémon master: ultimate journeys: the series,Animation,
221,barbie life in the dreamhouse,"Animation,Short,Comedy",
222,hajime no ippo: the fighting!,"Action,Sport",
223,i like it but it scares me,Comedy,
224,mirreyes vs godinez,Comedy,
225,leon's heart,"Comedy,Romance",
226,i swear it wasn't me,"Comedy,Drama,Family",
227,the mitchells vs. the machines,"Animation,Action,Adventure ",
228,a woman with no filter,Comedy,
229,valentina's wedding,"Comedy,Romance",
230,una película de huevos,"Animation,Comedy,Family",
231,"thirty something, single and fabulous",Comedy,
232,3 idiotas,"Comedy,Drama",
233,luccas neto em: o meu aniversário,"Comedy,Adventure",
234,"luccas neto em: acampamento de férias 4, o desafio final","Comedy,Music",
235,#nofilter,Comedy,
236,the hitman’s bodyguard,"Action,Comedy,Crime",
237,brazil 2002 - behind the scenes of brazil's fifth fifa world cup victory,Documentary ,
238,os homens são de marte… e é pra lá que eu vou!,"Comedy,Romance",
239,tadeo jones 2: el secreto del rey midas,"Animation,Adventure,Comedy ",
240,i'm more myself,,
241,luccas neto em: o plano dos vilões,Comedy,
242,barbie big city big dreams,"Animation,Family,Musical ",
243,how to become the worst student at school,Comedy,
244,luccas neto in: the magical hotel 2,Comedy,
245,é fada!,"Comedy,Family,Fantasy ",
246,tô ryca,Comedy,
247,land,"Adventure,Drama ",
248,to all the boys i’ve loved before,"Comedy,Drama,Romance ",
249,fullmetal alchemist the final alchemy,"Action,Adventure,Fantasy ",
250,the perfect man,"Comedy,Family,Romance ",
251,cold blood legacy,"Action,Thriller ",
252,untold: hall of shame,"Documentary,Biography,Sport",
253,jared freid: 37 & single,Comedy,
254,untold: johnny football,"Documentary,Biography,Sport",
255,dr. seuss' the lorax,Family,
256,i care a lot,"Comedy,Crime,Drama",
257,my lover my killer,"Documentary,Crime",
258,miss congeniality 2: armed and fabulous,"Action,Comedy,Crime",
259,untold: operation flagrant foul,"Documentary,Biography,Sport",
260,the divergent series: allegiant - part 1,"Action,Adventure,Mystery ",
261,mafia inc.,"Crime,Drama",
262,every breath you take,"Drama,Mystery,Thriller ",
263,untold: crime & penalties,"Documentary,Crime ",
264,untold: malice at the palace,"Documentary,Biography,Sport",
265,1976,"Drama,Romance",
266,ashfall,"Action,Adventure,Sci-if",
267,surviving escobar - alias jj,Drama,
268,the final score,"Biography,Drama,Sport",
269,si saben como me pongo 2,Comedy,
270,broken idol: the undoing of diomedes díaz,"Documentary,Crime ",
271,forgotten we'll be,"Drama,History ",
272,chica vampiro,"Action,Adventure,Family",
273,rurouni kenshin: the final,"Action,Adventure,Drama",
274,cricket and antoinette,"Animation,Adventure,Family ",
275,american underdog: the kurt warner story,"Biography,Drama,Sport",
276,fun with dick & jane,"Comedy,Crime",
277,go dog go,"Animation,Family",
278,the head of the tribe,,
279,wild prague,"Drama,History,Sport",
280,bastards: a resit,"Comedy,Drama",
281,"dogs, lovers and other troubles",,
282,hádek family,Comedy,
283,the nightsiren,"Drama,Horror,Mystery ",
284,roll and run,"Comedy,Crime",
285,how am i? i'll tell you next summer,Comedy ,
286,mama's prince,,
287,il boemo,"Biography,Drama,History ",
288,angel of the lord,"Comedy,Family,Fantasy ",
289,večírek,Comedy ,
290,you take the kids!,Comedy ,
291,jackpot,"Action,Comedy ",
292,into the deep: the submarine murder case,"Documentary,Biography,Crime ",
293,gymnastics academy: a second chance,"Drama,Family,Sport ",
294,diary of a modern dad,Comedy,
295,po čem muži touží,"Comedy,Fantasy,Romance ",
296,"sun, hay and a few slaps",Comedy ,
297,"sun, hay, erotica",Comedy ,
298,"sun, hay, strawberries",Comedy ,
299,droneman,"Crime,Drama,Thriller ",
300,gump – the dog who taught people how to live,"Adventure,Family ",
301,the loveliest riddle,"Comedy,Family,Fantasy ",
302,women´s revenge,"Biography,Drama ",
303,happiness is a bliss,Comedy ,
304,masterpiece contemporary: page eight,"Drama,Mystery,Thriller ",
305,lego ninjago: dragons rising,"Animation,Action,Adventure ",
306,barbie mermaid power,"Animation,Family,Fantasy ",
307,aline,"Biography,Comedy,Drama ",
308,undtagelsen,"Drama,Thriller ",
309,jackass 3.5: the unrated movie,"Documentary,Action,Comedy ",
310,selvhenter,Comedy ,
311,rupaul’s drag race: all stars,"Game-show,Reality-TV",
312,rosario tijeras (mexico),"Action,Crime,Drama ",
313,fullmetal alchemist the revenge of scar,"Action,Adventure,Fantasy ",
314,nymphomaniac: volume ii,Drama ,
315,you are not going to the right place,,
316,tamasih elnil,Comedy ,
317,maktoub aalia,"Comedy,Romance ",
318,abu sadaam,Drama ,
319,title holder,"Drama,Romance,Sport ",
320,for ziko,"Comedy,Drama ",
321,sayed the servant,Comedy ,
322,outside the curriculum,"Crime,Drama",
323,ritsa: three colors of love,"Drama,Romance ",
324,leligar,"Comedy,Drama ",
325,different experience,"Drama,Romance ",
326,manzikert 1071: doomsday for the byzantines,"History,War",
327,ahmed notre dame,"Comedy,Fantasy,Horror ",
328,my mom is a minister,"Comedy,Fantasy,Romance ",
329,the great chinese beans,Comedy ,
330,thieves in thailand,"Comedy,Drama,Family ",
331,a man wanted,"Comedy,Drama,Romance ",
332,mawlana: the preacher,"Drama,Mystery ",
333,30. มีนาคม,"Crime,Drama,Mystery ",
334,shaoming,Comedy ,
335,صاحب المقام,"Comedy,Drama ",
336,wannabe courageous,"Action,Comedy ",
337,حكايات بنات الجزء ١,"Drama,Family ",
338,al-mizan,Crime ,
339,tiller,"Drama,Horror,Mystery ",
340,راس السنة,Drama ,
341,"the good, the bad, and the playful",Comedy ,
342,love (ft. marriage and divorce),"Drama,Romance ",
343,pokémon ultimate journeys: the series,Animation ,
344,"sihja, the rebel fairy",Family ,
345,kurt cobain: montage of heck,"Documentary,Animation,Biography ",
346,ricky rapper and the strongman,"Comedy,Drama,Family ",
347,barbie epic road trip,"Animation,Short,Comedy ",
348,lol surprise! winter fashion show,"Animation,Comedy,Mystery ",
349,prince of crime,"Biography,Crime,Drama ",
350,a fist full of lead,Western ,
351,rabbids invasion special: mission to mars,"Animation,Comedy,Family ",
352,mestari cheng,"Comedy,Drama,Romance ",
353,lol surprise: the movie,"Animation,Action,Drama ",
354,on a failli être amies,"Comedy,Drama ",
355,père fils thérapie !,"Comedy,Crime ",
356,love (and trouble) in paris,"Comedy,Drama,Musical ",
357,tamara,"Drama,Fantasy,Horror ",
358,the legend of black snake,"Action,Comedy ",
359,lolo,Comedy ,
360,the hook up plan,"Comedy,Romance ",
361,"hilfe, ich hab meine freunde geschrumpft","Adventure,Comedy,Family ",
362,my name is eftihia,"Biography,Drama,Music ",
363,the bachelor 3,"Action,Comedy ",
364,the patients of dr. garcía,Drama ,
365,notes from a women salesman,"Drama,Thriller ",
366,surf's up: wave mania,"Animation,Adventure,Comedy ",
367,grindhouse: planet terror,"Action,Comedy,Horror ",
368,crank 2: high voltage,"Action,Crime,Thriller ",
369,frieren: beyond the journey's end,"Animation,Adventure,Drama ",
370,snow white & the huntsman,"Action,Adventure,Drama ",
371,a nation of kimchi,Documentary ,
372,magic and muscles,"Animation,Action,Adventure ",
373,hot stove league,"Drama,Sport",
374,high & low the worst x,Action ,
375,hell dogs - in the house of bamboo -,"Action,Crime,Drama ",
376,jujutsu kaisen 0: the movie,"Animation,Action,Fantasy ",
377,guardians of the tomb,"Action,Adventure,Horror ",
378,café minamdang,"Comedy,Crime,Drama ",
379,bulgasal: immortal souls,"Drama,Fantasy,Thriller ",
380,the thieves,"Action,Comedy,Crime",
381,inspector koo,"Action,Comedy,Thriller ",
382,demon slayer -kimetsu no yaiba- the movie: mugen train,"Animation,Action,Adventure ",
383,bg personal bodyguard,Drama ,
384,mobile suit gundam hathaway,"Animation,Action,Drama ",
385,#atfirstsight,"Drama,Romance",
386,island of hope,"Documentary,Short ",
387,we started together,"Comedy,Drama,Romance ",
388,be my dad!,Comedy ,
389,christmas flame,"Comedy,Romance ",
390,stop my stepmom,"Comedy,Family,Musical ",
391,dem horizont so nah,"Drama,Romance ",
392,untold: caitlyn jenner,"Documentary,Biography,Sport ",
393,kushi (tamil),"Comedy,Drama,Romance ",
394,bhola shankar,"Action,Crime,Drama ",
395,asvins (telugu),"Horror,Thriller ",
396,takkar (telugu),"Action,Drama,Romance ",
397,dasara (tamil),"Action,Adventure,Drama ",
398,tegimpu,"Action,Adventure ",
399,matti kusthi,"Comedy,Drama,Romance ",
400,love today (telugu),"Comedy,Drama,Romance ",
401,kalagathalaivan,"Action,Thriller ",
402,the ghost (tamil),"Action,Thriller ",
403,dongalunnaru jagratha,Thriller,
404,katteri,"Adventure,Comedy,Horror ",
405,ante sundaraniki,"Comedy,Romance ",
406,ante sundaraniki (tamil),"Comedy,Romance ",
407,major (telugu),"Action,Biography,Drama ",
408,virata parvam,"Action,Drama,Romance ",
409,jana 2022 (telugu),"Crime,Drama,Thriller ",
410,beast (telugu),"Action,Thriller ",
411,etharkkum thunindhavan (telugu),"Action,Crime,Drama ",
412,hey sinamika (telugu),"Drama,Romance ",
413,kurup (telugu),"Biography,Crime,Thriller ",
414,kurup (tamil),"Biography,Crime,Thriller ",
415,annaatthe (telugu),"Action,Comedy,Drama ",
416,doctor (telugu),"Action,Comedy,Crime ",
417,never back down 3,"Action,Sport",
418,tughlaq durbar (telugu),"Comedy,Drama,Thriller ",
419,roohi,"Comedy,Horror",
420,miraculous brothers,"Drama,Fantasy,Mystery ",
421,red cliff: theatrical version,"Action,Adventure,Drama ",
422,cross the line,"Drama,Thriller",
423,jakarta vs everybody,Drama,
424,miracle in cell no.7,Drama,
425,check the store next door 2,"Comedy,Drama ",
426,sacred 2,"Drama,Horror ",
427,love destiny the movie,"Comedy,History,Romance ",
428,the red point of marriage,"Drama,Romance ",
429,filosofi kopi the series,Drama ,
430,dali & cocky prince,"Comedy,Drama,Romance ",
431,the land of five towers,"Adventure,Drama,Family",
432,lost city of z,"Adventure,Biography,Drama",
433,green mothers' club,"Drama,Mystery",
434,secret royal inspector & joy,"Comedy,Drama,History",
435,dear nathan thank you salma,"Drama,Romance",
436,run to the beach,"Adventure,Comedy,Family",
437,rurouni kenshin: kyoto inferno,"Action,Adventure,Drama",
438,twivortiare: is it love?,"Drama,Romance",
439,couple on the backtrack,"Drama,Fantasy,Romance",
440,"sultan agung: throne, rebellion, and love","Action,Drama,History",
441,ali & ratu ratu queens,"Comedy,Drama",
442,bigfoot junior,"Animation,Adventure,Comedy",
443,rich holiday poor holiday,Reality-TV,
444,penguins of madagascar: the movie,"Animation,Action,Adventure",
445,adele: 30 greatest moments,"Documentary,Biography,Music",
446,"meet, marry, murder",Crime,
447,sex and the city: the movie,"Comedy,Drama,Romance",
448,help,Drama,
449,one for the money,"Action,Comedy,Crime",
450,untouchable,"Documentary,Biography,Crime",
451,rise of the footsoldier: marbella,"Action,Comedy,Crime",
452,the secret of the greco family,"Crime,Drama",
453,the undecided groom,"Drama,Romance",
454,una femmina,"Crime,Drama,Thriller",
455,ma cosa ci dice il cervello,Comedy,
456,corro da te,"Comedy,Romance",
457,giorgio panariello: la favola mia,,
458,un figlio di nome erasmus,Comedy,
459,tre metri sopra il cielo,Romance,
460,una notte da dottore,Comedy,
461,viola come il mare,"Action,Comedy,Crime",
462,io sono l'abisso,Thriller,
463,stolen days,Drama,
464,girl by the lake,"Drama,Mystery,Thriller",
465,l'uomo del labirinto,"Crime,Drama,Horror",
466,gli sdraiati,"Comedy,Drama",
467,la paranza dei bambini,"Crime,Drama",
468,compromessi sposi,Comedy,
469,moschettieri del re,"Adventure,Comedy",
470,lo chiamavano trinità...,"Comedy,Western",
471,la casa di famiglia,Comedy,
472,me against you: mr. s's vendetta,"Comedy,Family",
473,come un gatto in tangenziale,Comedy,
474,noi e la giulia,Comedy,
475,one piece stampede,"Animation,Action,Adventure",
476,air force the movie: danger close,"Action,Adventure,War",
477,immersion,Thriller,
478,my beautiful man -eternal-,Thriller,
479,company ain't no school,Drama,
480,babywalkure,"Action,Comedy,Drama",
481,jigoku-no-hanazono ~office royale~,"Action,Comedy",
482,signal the movie cold case investigation unit,"Crime,Drama,Sci-Fi",
483,the confidence man jp - episode of princess -,"Comedy,Crime",
484,the way of the househusband: the movie,"Action,Comedy",
485,hayabusa fire brigade,Adventure,
486,gamera  -rebirth-,"Animation,Action,Adventure",
487,crayon shinchan the movie: the tornado legend of ninja mononoke,"Animation,Action,Adventure",
488,doraemon: nobita's little star wars 2021,"Animation,Action,Adventure",
489,building n,Horror,
490,tokyo crime squad: the lucie blackman case,"Documentary,Crime",
491,ōoku: the inner chambers,"Animation,Drama,Fantasy",
492,legal enforcement with dogs,"Comedy,Drama",
493,"night, birds scream","Drama,Romance",
494,logically impossible! detective ryoko kamizuru is on the case,Mystery,
495,tokkai: bad asset wars,Drama,
496,war of trap,"Drama,War",
497,why didn’t i tell you a million times?,"Drama,Fantasy,Romance",
498,doraemon the movie: nobita's great adventure in the antarctic kachi kochi,"Animation,Adventure,Comedy",
499,tiger and dragon,"Comedy,Drama",
500,boys over flowers final: theatrical cut,Drama,
501,jump!!: the heroes behind the gold,"Biography,Drama,Sport",
502,saihara the loan shark,"Crime,Drama",
503,ushijima the loan shark part 2,Comedy,
504,a family,"Crime,Drama",
505,doctor x surgeon michiko daimon,"Comedy,Drama,Mystery",
506,a beloved wife,"Comedy,Drama",
507,7 secretaries,Mystery,
508,high & low the worst,Action,
509,no more cry!!!,"Comedy,Drama",
510,platina data,"Mystery,Sci-Fi",
511,kaguya-sama final: love is war,"Comedy,Drama,Romance",
512,the blue sky you have lost,Romance,
513,gone wednesday,Mystery,
514,gintama: the very final,"Animation,Action,Comedy",
515,the cinderella addiction,"Crime,Drama,Mystery",
516,sp: the motion picture episode vi<the final episode>,Drama,
517,sp: the motion picture episode v,Drama,
518,murders at the house of death,Crime,
519,what she likes...,Romance,
520,crayon shin-chan the movie: shrouded in mystery! the flowers of tenkasu academy,"Animation,Action,Adventure",
521,ghost in the shell: sac_2045,"Animation,Action,Crime",
522,assassination classroom: graduation,"Animation,Adventure,Comedy",
523,hey handsome!!,Drama,
524,ghost in the shell: sac_2045 sustainable war,"Animation,Action,Sci-Fi",
525,dr. white,Drama,
526,rettou seiha (tentative),,
527,violet evergarden the movie,"Animation,Drama,Mystery",
528,hero (2015),"Action,Drama,Musical",
529,true scary story -accident property entertainer-,"Comedy,Horror",
530,it’s your fault that my heart beats,Drama,
531,"love me, love me not","Drama,Romance",
532,spirit chronicles,"Animation,Action,Adventure",
533,gantz ii: perfect answer,"Animation,Adventure,Drama",
534,search www,"Drama,Romance",
535,mahjong legend akagi: the genius who descended into the darkness,"Animation,Sport,Thriller",
536,golgo13,"Animation,Action,Adventure",
537,"blue, painful, fragile","Adventure,Drama",
538,"you're not normal, either!","Comedy,Drama,Romance",
539,midsommar: the director's cut,"Drama,Horror,Mystery",
540,crayon shin-chan the movie: crash! rakuga-kingdom and almost four heroes,"Animation,Action,Adventure",
541,pretty guardian sailor moon eternal the movie,"Animation,Action,Adventure",
542,my dear exes,Comedy,
543,seiji oda,,
544,nanny mcphee and the big bang,"Comedy,Family,Fantasy",
545,christmas love,,
546,aki and paw paw,"Comedy,Drama",
547,masterpiece: around the world in 80 days,"Adventure,Comedy,History",
548,بلال: بطل من فصيل جديد,"Animation,Action,Adventure",
549,life of the party,Comedy,
550,الناموس,,
551,shadow,"Animation,Adventure,Fantasy",
552,who is like abu riad?,,
553,khabsa - what did i mess,"Comedy,Romance",
554,pitch perfect 2,"Comedy,Music",
555,my next guest with david letterman and volodymyr zelenskyy,Talk-Show,
556,broken hearts gallery,"Comedy,Romance",
557,astérix: the mansion of the gods,"Animation,Adventure,Comedy",
558,face off 5: 48h,Action,
559,upin & ipin: the lone gibbon kris,"Animation,Adventure,Comedy",
560,mechamato the animated series,"Animation,Action,Adventure",
561,upin&ipin,"Animation,Comedy,Family",
562,satan's curse,"Comedy,Horror,Mystery",
563,the devil's forest,,
564,virupaksha (tamil),"Action,Drama,Horror",
565,the unborn soul,"Drama,Horror,Thriller",
566,fear or not,,
567,kumanthong 2: jackpot island,"Horror,Thriller",
568,three widows against the world,"Comedy,Crime,Drama",
569,shakini dakini (tamil),"Action,Comedy",
570,upin & ipin: jeng jeng jeng!,"Animation,Comedy,Family ",
571,operation chromite,"Action,Drama,History",
572,bulan & pria terhebat,"Animation,Adventure,Comedy",
573,witch at court,"Crime,Drama,Mystery",
574,lieutenant adnan,"Biography,Drama,History",
575,tangisan akinabalu,War,
576,naruto shippuden,"Animation,Action,Adventure",
577,the code,"Action,Crime,Thriller",
578,step up: all in,"Drama,Music,Romance",
579,la leyenda de la nahuala,"Animation,Family,Fantasy",
580,la bella y las bestias,"Action,Adventure,Crime",
581,la ley de herodes,"Comedy,Crime,Drama",
582,the godfather coda: the death of michael corleone,"Crime,Drama",
583,red eye,Thriller,
584,the golden hour,"Crime,Drama,Thriller",
585,fien en teun gaan kamperen,Family,
586,najib amhali - waar was ik?,Comedy,
587,kapsalon romy,Drama,
588,kwestie van geduld,Romance,
589,de bellinga's: huis op stelten,"Comedy,Family",
590,luizenmoeder - de film,Comedy,
591,anne+: the film,Drama,
592,zwaar verliefd 2,"Comedy,Romance",
593,the even bigger slime movie,Adventure,
594,bonus family,"Comedy,Drama",
595,the big slime movie,Adventure,
596,saint seiya: the lost canvas,"Animation,Action,Adventure",
597,zoom: academy for superheroes,"Action,Adventure,Comedy",
598,step up 3,"Drama,Music,Romance",
599,jack irish: the series,"Crime,Drama",
600,spy kids 2: the island of lost dreams,"Action,Adventure,Comedy",
601,queen of the desert,"Adventure,Biography,Drama",
602,the real has come!,"Drama,Romance",
603,ile owo,Thriller,
604,your excellency,,
605,ẹlẹṣin ọba: the king's horseman,"Adventure,Drama,History",
606,the legend of the blue sea,"Comedy,Drama,Fantasy",
607,rattlesnake - the ahanna story,Drama,
608,castle and castle,Drama,
609,lady buckit & the motley mopsters,"Animation,Adventure,Fantasy",
610,mtv shuga: naija,"Short,Reality-TV",
611,it’s a crazy world,Comedy,
612,ije: the journey,Drama,
613,keif tasmaoni ajib,,
614,major (malayalam),"Action,Biography,Drama",
615,sixteen blocks,"Action,Drama,Thriller",
616,badla,"Crime,Drama,Mystery",
617,causa justa,"Drama,War",
618,virgilio,Documentary,
619,the seal: number 10 from the street,"Comedy,Drama",
620,what if,"Comedy,Romance",
621,"hello, universe","Comedy,Drama",
622,someday in heaven,"Drama,Romance ",
623,hunter's prayer,"Action,Thriller",
624,his dark materials: the golden compass,"Adventure,Family,Fantasy",
625,you and me and the ending,Drama,
626,love is colorblind,"Comedy,Romance",
627,momshies! your soul is mine,Comedy,
628,princess 'daya'reese,"Comedy,Romance",
629,will you marry,Drama,
630,he’s into her,"Comedy,Romance",
631,izla,"Comedy,Horror",
632,my husband-in-law,"Comedy,Drama,Family",
633,the law of revenge,"Action,Crime,Drama",
634,polish murder mysteries,Crime,
635,niebezpieczni dżentelmeni,"Comedy,Crime",
636,bohdan smoleń,,
637,the case of iwona wieczorek ,,
638,a polish family,Comedy ,
639,apokawixa,"Comedy,Horror,Sci-Fi",
640,operation: nation,"Comedy,Drama",
641,bad exorcist,"Comedy,Horror",
642,love is nearby,"Comedy,Romance ",
643,krime story love story,Thriller,
644,"8 rzeczy, których nie wiecie o facetach","Comedy,Romance",
645,koniec świata czyli kogel mogel 4,Comedy,
646,an almost perfect scam,Comedy,
647,lullaby killer,"Crime,Thriller",
648,pitbull public orders,"Action,Crime,Drama",
649,secretary,"Comedy,Drama,Romance",
650,the action pack,"Animation,Action,Adventure",
651,"romina, my life",,
652,no overtime over here,,
653,u get what u kiss 3,Comedy,
654,clash of shepherds,Comedy,
655,le fils du français,"Adventure,Comedy,Family",
656,u get what u kiss 2,Comedy,
657,l'etudiante et monsieur henri,"Comedy,Drama",
658,3 ninjas: kick back,"Action,Comedy,Family",
659,the matchmaker,"Comedy,Romance",
660,marvel's the punisher,"Action,Crime,Drama",
661,lee kuan yew: in his own words,"Documentary,Short",
662,i remember lee kuan yew,,
663,what! the heist,"Comedy,Crime",
664,food tales,,
665,inside crime scene,,
666,love island usa,"Game-Show,Reality-TV",
667,siberia,"Crime,Drama,Romance",
668,the medium,Horror,
669,47 metres down,"Horror,Mystery,Thriller",
670,long long time ago 4: the diam diam era 2,"Comedy,Drama",
671,villa lucia,,
672,"welcome home, bro!","Action,Drama,Horror",
673,republic of south ah sh**t,Comedy,
674,dr. seuss' the cat in the hat,"Adventure,Comedy,Family",
675,grindhouse: death proof,"Action,Thriller",
676,the iron squad,,
677,the concubine,"Drama,History,Romance",
678,the fisherman and the city,,
679,katuri the movie the big city adventure,,
680,battle for happiness,"Drama,Thriller",
681,the adventure of ice planet,"Animation,Adventure,Comedy",
682,brave detectives,,
683,inside men: the original,"Action,Crime,Drama",
684,my sl partner,"Comedy,Romance",
685,bitch and rich,"Drama,Mystery,Thriller",
686,the killer: a girl who deserves to die,"Action,Crime,Thriller",
687,tazza: the poker queen,"Crime,Drama",
688,b cut,,
689,i am solo,,
690,hye mi lee ye chae pa,,
691,world dice tour,,
692,believer: extended cut,"Action,Crime,Thriller",
693,alienoid part 1,"Action,Adventure,Fantasy",
694,mister trot,Reality-TV,
695,the bad guys: reign of chaos,"Action,Crime,Thriller",
696,hansan: rising dragon - redux,"Action,Drama,History",
697,steel rain2: summit,"Action,Drama,Thriller",
698,take 1,"Documentary,Music",
699,tazza: one eyed jack,"Crime,Drama,Thriller",
700,change days,,
701,doomed marriage,,
702,teenage parents,,
703,crayon shin-chan the movie: very tasty! b-class gourmet survival!!,"Animation,Action,Adventure",
704,crayon shin-chan the movie: the legend called: dance! amigo!,"Animation,Action,Adventure",
705,crayon shin-chan the movie: roar! kasukabe animal kingdom,"Animation,Action,Adventure",
706,artificial city,"Drama,Mystery,Thriller",
707,레드슈즈,"Animation,Action,Adventure",
708,crayon shin-chan the movie: my moving story cactus attack,"Animation,Action,Adventure",
709,crayon shin-chan the movie: the storm called: operation golden spy,"Animation,Action,Adventure",
710,the precious memory of gogo brothers,Animation,
711,crime solving special squad,,
712,men on a mission,"Comedy,Game-Show,Reality-TV",
713,beastie boys,"Documentary,Biography,Music",
714,asura: the city of madness,"Action,Crime,Thriller",
715,my golden kids,,
716,whispering corridors 6: the humming,"Horror,Mystery",
717,stone skipping,Drama,
718,legend of the fist : the return of chen zhen,"Action,Drama,History",
719,ok! madam,"Action,Comedy",
720,"anglés, historia de una fuga",,
721,lo que la verdad esconde: el caso asunta (operación nenúfar),"Documentary,Crime",
722,operación camarón,Comedy,
723,the tunnel gang,"Comedy,Drama",
724,la playa de los ahogados,"Crime,Drama,Mystery",
725,witching & bitching,"Action,Adventure,Comedy",
726,los miércoles no existen,"Comedy,Drama,Romance",
727,"yo, ""el vaquilla""","Action,Biography,Drama",
728,you’re nothing special,"Comedy,Fantasy",
729,100 days with tata,Documentary,
730,érase una vez en euskadi,Drama,
731,maria (and everybody else),"Comedy,Drama",
732,32 malasana street,"Horror,Mystery",
733,gandeevadhari arjuna (tamil),"Action,Thriller",
734,dying for chocolate: a curious caterer mystery,"Crime,Mystery",
735,a star shoots across the sky,"Drama,Romance",
736,virata parvam (tamil),"Action,Drama,Romance",
737,jana 2022 (tamil),"Crime,Drama,Thriller",
738,maha samudram (tamil),"Action,Drama,Romance",
739,o kadhal kanmani,"Drama,Musical,Romance",
740,lassemajas detektivbyrå: skorpionens gåta,"Adventure,Comedy,Crime",
741,438 dagar,"Drama,Thriller",
742,jag kommer hem igen till jul,"Drama,Musical",
743,sword art online the movie -progressive- scherzo of deep night,"Animation,Action,Adventure",
744,starlight bnb,,
745,hi! come in,,
746,let's open,,
747,chocolate,"Drama,Romance",
748,the full-time wife escapist,"Comedy,Romance",
749,the legend of mi yue,"Drama,History,Romance ",
750,the soul,"Drama,Horror,Mystery",
751,upcoming summer,Drama,
752,formosa 1867,History,
753,i missed you: director's cut,Romance,
754,thibaan the series 2.1,"Comedy,Romance",
755,thibaan the series,"Comedy,Romance",
756,thibaan the series 2.2,"Comedy,Romance",
757,thunder monk,"Action,Comedy ",
758,tiger running,"Action,Comedy ",
759,the only mom,"Horror,Mystery,Thriller",
760,long story shorts: lost in blue,"Drama,Romance ",
761,sarasin bridge of love 2216,Drama,
762,ai khai dek wat chedi,"Comedy,Drama,Fantasy ",
763,"bua pun, beauty and the blade","Action,Comedy ",
764,guardians,,
765,tha rae united,Comedy ,
766,moo 2,Comedy ,
767,khun pan,"Action,History,Thriller",
768,midnight my love,"Crime,Drama,Romance",
769,heaven's seven 2,"Action,Comedy ",
770,better days,"Crime,Drama,Romance",
771,you are my makeup artist,"Comedy,Romance",
772,muay thai chaiya,"Action,Drama,Thriller",
773,slice,"Crime,Drama,Horror ",
774,leio,"Action,Adventure,Comedy",
775,art of the devil iii,Horror,
776,deaw#13 udom taephanich stand up comedy show,Comedy,
777,love you my arrogance 2,"Comedy,Drama,Fantasy",
778,hello yasothorn 3,"Comedy,Musical,Romance",
779,the rocket angels,Comedy ,
780,hello yasothorn,"Comedy,Musical,Romance",
781,barbie mariposa & the fairy princess,"Animation,Family,Fantasy",
782,you are my heartbeat,"Drama,Romance ",
783,my secret bride,"Action,Comedy,Crime ",
784,atm 2,"Comedy,Romance",
785,hotel lake,Horror,
786,oh my ghost 2,"Comedy,Drama,Fantasy",
787,dark world,"Action,Drama,Fantasy",
788,phu bao thai bahn e-saan juad,"Comedy,Drama,Romance",
789,game of outlaws,,
790,help me! oh my ghost,"Drama,Fantasy,Romance ",
791,please (her),"Romance,Drama ",
792,love you koak e-gerng,Comedy ,
793,the blind shot,"Romance,Drama",
794,dances with the jackals 6,"Action,Comedy",
795,cem yılmaz: diamond elite platinum plus,Comedy,
796,i̇llegal hayatlar,Comedy,
797,düşeş - mafya sızıntısı,"Action,Comedy",
798,hoping for good news,Comedy,
799,rolling snake eyes 5: is that ours?,Comedy,
800,tell me about the darkness inside,"Drama,Thriller",
801,who is this family?,"Comedy,Drama,Romance",
802,kardeş payı,"Comedy,Drama,Family",
803,deli aşk,"Comedy,Romance",
804,the lord of the seagulls,Drama,
805,the water horse: legend of the deep,"Adventure,Family,Fantasy",
806,bridesmaid forever,"Comedy,Romance",
807,katakulli 2 : gözükaralar,Comedy,
808,1 kadın 1 erkek,Comedy,
809,you can do it dear!,Documentary,
810,rascals on duty,,
811,şahane hayaller,Comedy,
812,4n1k düğün,"Comedy,Romance",
813,happy family journal,,
814,müslüm: voice of pain,"Biography,Drama,Music",
815,recep i̇vedik 6,Comedy,
816,türk malı,Comedy,
817,the group with no goals,Comedy,
818,recep i̇vedik 5,Comedy,
819,serial cook,"Comedy,Crime,Drama",
820,the chaos class goes to cyprus: summer games,Comedy,
821,passed by censor,Drama,
822,hababam sınıfı,"Comedy,Drama",
823,"sex, insta, exams",Comedy,
824,myrnyi-21. on the front line,War,
825,crazy neighbours,"Adventure,Comedy ",
826,unreal copout,Comedy,
827,romeo and juliet from  cherkassy,Comedy,
828,cossacks. an absolutely phoney story,"Action,Adventure",
829,sniper: the white raven,"Drama,War",
830,amber сops,Comedy,
831,ariyippu/declaration,Drama,
832,top boy: summerhouse,"Crime,Drama,Thriller",
833,rise of the footsoldier 3: the pat tate story,"Action,Comedy,Crime",
834,big george foreman: the miraculous story of the once and future heavyweight champion of the world,"Biography,Drama,sport",
835,tyler perry's the family that preys,Drama,
836,tyler perry's i can do bad all by myself,"Comedy,Drama",
837,arctic,"Adventure,Drama",
838,in the dark,"Action,Crime,Mystery",
839,untold: the rise and fall of and1,"Documentary,Biography,sport",
840,the unxplained with william shatner,Documentary,
841,mariah carey's all i want for christmas is you,"Animation,Family,Comedy ",
842,never look away,"Biography,Drama,Romance",
843,hustler vs scammer,"Comedy,Drama",
844,face off 3: imperfect trio,"Action,Comedy",
845,let's feast vietnam,Reality-TV,
846,tri am the movie,"Documentary,Biography,Music",
847,the ideal squad,Comedy,
848,the special heir,,
849,daddy issue,"Drama,Romance",
850,face off 4: the walking guests,Reality-TV,
851,blood karma,"Drama,Horror,Thriller",
852,battle of the fists,"Action,Drama",
853,kumanthong: untold story,"Horror,Thriller",
854,my boyfriend is a ghost,Comedy,
855,my father is a playboy,"Comedy,Drama",
856,land of spirits: the young shaman,Comedy ,
857,jealous & furious,,
858,the old man's dog,Horror,
859,land of spirits: the blind shaman,"Comedy,Fantasy,Horror",
860,land of spirits,Documentary,
861,maika: the girl from another galaxy,"Adventure,Comedy,Family",
862,l.o.r.d.: legend of ravaging dynasties,"Animation,Action,Adventure",
